moduleFolder,moduleName,usesMoment,likelyCoreProvided,hasMomentImportRequire,hasOwnDependency,hasCoreIndicator,staticFunctions,directChainFunctions,usageFiles
"JIR-Tarifa-luz-----jirsis","JIR-Tarifa-luz","true","true","false","false","false","","date|diff","JIR-tarifa-luz.js"
"MM-concert-calendar-----muilpp","MM-concert-calendar","true","true","false","false","false","locale","","concertcalendar.js"
"MMM-1-Second-A-Day-----GaryLChew","MMM-1-Second-A-Day","true","false","false","true","false","","format","node_helper.js"
"MMM-AC-aseag-----j-hiller","MMM-AC-aseag","true","true","false","false","false","","diff","node_helper.js"
"MMM-AQI-----ryck","MMM-AQI","true","true","false","false","false","","format","MMM-AQI.js"
"MMM-AVStock-----lavolp3","MMM-AVStock","true","true","false","false","false","","format|subtract","MMM-AVStock.js|node_helper.js"
"MMM-AccuWeatherForecastDeluxe-----maxbethge","MMM-AccuWeatherForecastDeluxe","true","false","false","true","false","","format","MMM-AccuWeatherForecastDeluxe.js|node_helper.js"
"MMM-Afvalwijzer-----gertperdZA","MMM-Afvalwijzer","true","true","false","false","false","locale","add|format|getTime|startOf","MMM-Afvalwijzer.js|node_helper.js"
"MMM-AlarmClock-----fewieden","MMM-AlarmClock","true","true","false","false","false","format|locale","add|diff","MMM-AlarmClock.js|templates/MMM-AlarmClock.njk"
"MMM-Anycubic-----balassy","MMM-Anycubic","true","true","false","false","false","locale","format","MMM-Anycubic.js"
"MMM-Astrology-----Cowboysdude","MMM-Astrology","true","true","false","false","false","","format","MMM-Astrology.js"
"MMM-Astrology-----cowboysdude","MMM-Astrology","true","true","false","false","false","","format","MMM-Astrology.js"
"MMM-AvfallshentingOslo-----Blixhavn","MMM-AvfallshentingOslo","true","false","false","true","false","locale","","MMM-AvfallshentingOslo.js|node_helper.js"
"MMM-AvfallshentingOslo-----blixhavn","MMM-AvfallshentingOslo","true","false","false","true","false","locale","","MMM-AvfallshentingOslo.js|node_helper.js"
"MMM-Avinor-----KAG","MMM-Avinor","true","true","false","false","false","locale","","MMM-Avinor.js"
"MMM-Avinor-----kagjerde","MMM-Avinor","true","true","false","false","false","locale","","MMM-Avinor.js"
"MMM-BCFerries-----stonecrown","MMM-BCFerries","true","true","false","false","false","","format","MMM-BCFerries.js"
"MMM-BMW-CC-----Mykle1","MMM-BMW-CC","true","true","false","false","false","","format","MMM-BMW-CC.js"
"MMM-BMW-CC-----mykle1","MMM-BMW-CC","true","true","false","false","false","","format","MMM-BMW-CC.js"
"MMM-BMW-DS-----Mykle1","MMM-BMW-DS","true","true","false","false","false","unix","format","MMM-BMW-DS.js"
"MMM-BMW-DS-----mykle1","MMM-BMW-DS","true","true","false","false","false","unix","format","MMM-BMW-DS.js"
"MMM-BMW-OW-----Mykle1","MMM-BMW-OW","true","true","false","false","false","unix","","MMM-BMW-OW.js"
"MMM-BMW-OW-----mykle1","MMM-BMW-OW","true","true","false","false","false","unix","","MMM-BMW-OW.js"
"MMM-BMWConnected-----jannekalliola","MMM-BMWConnected","true","false","false","true","false","","fromNow","MMM-BMWConnected.js"
"MMM-BackgroundSlideshow-----darickc","MMM-BackgroundSlideshow","true","true","false","false","false","","","MMM-BackgroundSlideshow.js"
"MMM-BiathlonResults-----Grena","MMM-BiathlonResults","true","false","false","true","false","updateLocale","add|endOf|filter|format|fromNow|isAfter|month|subtract","MMM-BiathlonResults.js|node_helper.js"
"MMM-BiathlonResults-----grenagit","MMM-BiathlonResults","true","false","false","true","false","updateLocale","add|endOf|filter|format|fromNow|isAfter|month|subtract","MMM-BiathlonResults.js|node_helper.js"
"MMM-BinaryClock-----Nikobix","MMM-BinaryClock","true","true","false","false","false","","","MMM-BinaryClock.js"
"MMM-BinaryClock-----nikobix","MMM-BinaryClock","true","true","false","false","false","","","MMM-BinaryClock.js"
"MMM-BornBeforeDate-----justjim1220","MMM-BornBeforeDate","true","true","false","false","false","","subtract","MMM-BornBeforeDate.js"
"MMM-COVID19-----bibaldo","MMM-COVID19","true","true","false","false","false","","format","MMM-COVID19.js"
"MMM-CTA-----NateDee","MMM-CTA","true","true","false","false","false","duration","","MMM-CTA.js"
"MMM-CalDAV-Tasks-----Coernel82","MMM-CalDAV-Tasks","true","false","false","true","false","","format","webDavHelper.js"
"MMM-CalendarExt3-----MMRIZE","MMM-CalendarExt3","true","true","false","false","false","getDate|getFullYear|getMonth|valueOf","","MMM-CalendarExt3.js"
"MMM-CalendarExt3Agenda-----MMRIZE","MMM-CalendarExt3Agenda","true","true","false","false","false","getDate|getFullYear|getMonth","","MMM-CalendarExt3Agenda.js"
"MMM-CalendarExtMinimonth-----MMM-CalendarExt2","MMM-CalendarExtMinimonth","true","true","false","false","false","locale|unix","endOf|format|locale|startOf","MMM-CalendarExtMinimonth.js"
"MMM-CalendarExtMinimonth-----klaernie","MMM-CalendarExtMinimonth","true","true","false","false","false","locale|unix","endOf|format|locale|startOf","MMM-CalendarExtMiniMonth.js"
"MMM-CalendarExtPlan-----MMM-CalendarExt2","MMM-CalendarExtPlan","true","true","false","false","false","unix","add|endOf|format","MMM-CalendarExtPlan.js"
"MMM-CalendarExtPlan-----klaernie","MMM-CalendarExtPlan","true","true","false","false","false","unix","add|endOf|format","MMM-CalendarExtPlan.js"
"MMM-CalendarExtTimeline-----MMM-CalendarExt2","MMM-CalendarExtTimeline","true","true","false","false","false","unix","add|endOf|format|hour|startOf","MMM-CalendarExtTimeline.js"
"MMM-CalendarExtTimeline-----klaernie","MMM-CalendarExtTimeline","true","true","false","false","false","unix","add|endOf|format|hour|startOf","MMM-CalendarExtTimeline.js"
"MMM-CalendarTodayTomorrow-----Qunu","MMM-CalendarTodayTomorrow","true","true","false","false","false","duration|localeData|tz|updateLocale","add|clone|endOf|format|isBetween|startOf|subtract|toDate|utcOffset","MMM-CalendarTodayTomorrow.js|calendarutils.js"
"MMM-CalendarTodayTomorrow-----qunu","MMM-CalendarTodayTomorrow","true","true","false","false","false","duration|localeData|tz|updateLocale","add|clone|endOf|format|isBetween|startOf|subtract|toDate|utcOffset","MMM-CalendarTodayTomorrow.js|calendarutils.js"
"MMM-CalendarWeek-----heskja","MMM-CalendarWeek","true","true","false","false","false","duration|localeData|updateLocale","add|calendar|endOf|format|fromNow|isBetween|isSame|startOf|subtract","MMM-CalendarWeek.js|calendarfetcher.js"
"MMM-Callmonitor-Current-Call-----armybean","MMM-Callmonitor-Current-Call","true","true","false","false","false","utc","diff|format","MMM-Callmonitor-Current-Call.js"
"MMM-Caltrain-----zzflops","MMM-Caltrain","true","true","false","false","false","utc","local","node_helper.js"
"MMM-CanadianPublicWeatherAlerts-----aSouchereau","MMM-CanadianPublicWeatherAlerts","true","true","false","false","false","locale","","MMM-CanadianPublicWeatherAlerts.js"
"MMM-Canvas-----Dale Belt","MMM-Canvas","true","true","false","false","false","","format","MMM-Canvas.js"
"MMM-Canvas-----dbeltjr","MMM-Canvas","true","true","false","false","false","","format","MMM-Canvas.js"
"MMM-CanvasCalendar-----Dale Belt","MMM-CanvasCalendar","true","true","false","false","false","duration|localeData|tz|updateLocale","tz","MMM-CanvasCalendar.js|calendarfetcherutils.js|calendarutils.js"
"MMM-CardDavBirthdaysProvider-----Ulrich Wisser","MMM-CardDavBirthdaysProvider","true","false","false","true","false","","","node_helper.js"
"MMM-CardDavBirthdaysProvider-----ulrichwisser","MMM-CardDavBirthdaysProvider","true","false","false","true","false","","","node_helper.js"
"MMM-Chess-Daily-----nout-kleef","MMM-Chess-Daily","true","true","false","false","false","","fromNow","MMM-Chess-Daily.js"
"MMM-Climacell-Hourly-----Mykle1","MMM-Climacell-Hourly","true","true","false","false","false","","format","MMM-Climacell-Hourly.js"
"MMM-Climacell-Hourly-----mykle1","MMM-Climacell-Hourly","true","true","false","false","false","","format","MMM-Climacell-Hourly.js"
"MMM-Config-----sdetweil","MMM-Config","true","true","false","false","false","","tz","module_installer/runserver.js"
"MMM-CountDown-----daterrell","MMM-CountDown","true","true","false","false","false","duration","milliseconds|year","MMM-CountDown.js"
"MMM-CoupleDays-----wiesty","MMM-CoupleDays","true","false","false","true","false","","","MMM-CoupleDays.js"
"MMM-CracowMPK-----wkra","MMM-CracowMPK","true","true","false","false","false","locale","","MMM-CracowMPK.js"
"MMM-CrisisInformationSweden-----Pejjo","MMM-CrisisInformationSweden","true","true","false","false","false","locale","diff","MMM-CrisisInformationSweden.js"
"MMM-Cronixie-----timophey","MMM-Cronixie","true","true","false","false","false","","hour|minute|second","MMM-Cronixie.js"
"MMM-CulversFOTD-----dcwestra","MMM-CulversFOTD","true","false","false","true","false","","add|format","node_helper.js|test.js"
"MMM-Currentweather-MQTT-----spitzlbergerj","MMM-Currentweather-MQTT","true","true","false","false","false","locale","format","MMM-Currentweather-MQTT.js"
"MMM-DBF-Navigator-----Pascal-nie","MMM-DBF-Navigator","true","true","false","false","false","","valueOf","MMM-DBF-Navigator.js|node_helper.js"
"MMM-DBF-Navigator-----Paschke","MMM-DBF-Navigator","true","true","false","false","false","","valueOf","MMM-DBF-Navigator.js|node_helper.js"
"MMM-DWD-WarnWeather-----LukeSkywalker92","MMM-DWD-WarnWeather","true","true","false","false","false","","format","MMM-DWD-WarnWeather.js"
"MMM-DailyAlarm-----eouia","MMM-DailyAlarm","true","true","false","false","false","duration|utc","format","MMM-DailyAlarm.js"
"MMM-DailyBuddhismWisdom-----anthpham","MMM-DailyBuddhismWisdom","true","true","false","false","false","","format","MMM-DailyBuddhismWisdom.js"
"MMM-DarkSkyForecast-----jclarke0000","MMM-DarkSkyForecast","true","false","false","true","false","","format","MMM-DarkSkyForecast.js|node_helper.js"
"MMM-DateCounter-----alltopafi","MMM-DateCounter","true","true","false","false","false","","diff|fromNow","MMM-DateCounter.js"
"MMM-DateOnly-----grabenhenrich","MMM-DateOnly","true","true","false","false","false","locale","","MMM-DateOnly.js"
"MMM-DefaultWeatherAnimated-----MatthiPi","MMM-DefaultWeatherAnimated","true","true","false","false","false","locale","","weather.js"
"MMM-DenHaag-TrashCalendar-----cokceken","MMM-DenHaag-TrashCalendar","true","true","false","false","false","locale","add|startOf","MMM-DenHaag-trashcalendar.js"
"MMM-DigClock-----justjim1220","MMM-DigClock","true","true","false","false","false","locale","","MMM-DigClock.js"
"MMM-DigitalAlarmClock-----justjim1220","MMM-DigitalAlarmClock","true","true","false","false","false","add|format|locale","add|diff","MMM-DigitalAlarmClock.js|MMM-DigitalAlarmClock.njk"
"MMM-DiscordWatch-----Smiche","MMM-DiscordWatch","true","true","false","false","false","utc","","MMM-DiscordWatch.js"
"MMM-DiscordWatch-----smiche","MMM-DiscordWatch","true","true","false","false","false","utc","","MMM-DiscordWatch.js"
"MMM-Dreambox-----Ax-LED","MMM-Dreambox","true","true","false","false","false","unix","","MMM-Dreambox.js"
"MMM-DropboxWallpaper-----Mong-ni","MMM-DropboxWallpaper","true","true","false","false","false","unix","format|isValid","node_helper.js"
"MMM-Dtu-----pixxelfriend","MMM-Dtu","true","true","false","false","false","utc","","MMM-Dtu.js"
"MMM-EARTH-----Mykle1","MMM-EARTH","true","false","false","true","false","","",""
"MMM-EARTH-----mykle1","MMM-EARTH","true","false","false","true","false","","",""
"MMM-EFA-departures-----sourceforge807","MMM-EFA-departures","true","true","false","false","false","","format","node_helper.js"
"MMM-ELMPrayerTime-----Moin Ahmed","MMM-ELMPrayerTime","true","true","false","false","false","locale","format|unix","MMM-ELMPrayerTime.js"
"MMM-ELMPrayerTime-----moinahmed001","MMM-ELMPrayerTime","true","true","false","false","false","locale","format|unix","MMM-ELMPrayerTime.js"
"MMM-EarthquakeAlerts-----dathbe","MMM-EarthquakeAlerts","true","false","false","true","false","","tz","node_helper.js"
"MMM-Ecowatt-----tttooommm56","MMM-Ecowatt","true","true","false","false","false","locale","add|diff|isSame","MMM-Ecowatt.js"
"MMM-Elvira-----balassy","MMM-Elvira","true","true","false","false","false","locale","","MMM-Elvira.js"
"MMM-EnphaseSolar-----matt-thurling","MMM-EnphaseSolar","true","true","false","false","false","unix","","MMM-EnphaseSolar.js"
"MMM-Entur-tavle-----Arve","MMM-Entur-tavle","true","true","false","false","false","duration","add|diff|local","MMM-Entur-tavle.js"
"MMM-Ethos-----Helpi90","MMM-Ethos","true","true","false","false","false","locale","","MMM-Ethos.js"
"MMM-F1-----jupadin","MMM-F1","true","true","false","false","false","","format","MMM-F1.js"
"MMM-FOSHKplugin-PWS-Observations-----git-olicat","MMM-FOSHKplugin-PWS-Observations","true","true","false","false","false","locale","format","MMM-FOSHKplugin-PWS-Observations.js|node_helper.js"
"MMM-FOSHKplugin-PWS-Observations-----olicat","MMM-FOSHKplugin-PWS-Observations","true","true","false","false","false","locale","format","MMM-FOSHKplugin-PWS-Observations.js|node_helper.js"
"MMM-FRITZ-Box-Callmonitor-py3-----drtorchwood","MMM-FRITZ-Box-Callmonitor-py3","true","true","false","false","false","","diff|fromNow","MMM-FRITZ-Box-Callmonitor-py3.js|node_helper.js"
"MMM-FSAPI-----MarcLandis","MMM-FSAPI","true","true","false","false","false","","subtract","MMM-FSAPI.js"
"MMM-Face-Multi-User-Recognition-SMAI-----jimbydude","MMM-Face-Multi-User-Recognition-SMAI","true","true","false","false","false","","hour","MMM-Face-Multi-User-Recognition-SMAI.js"
"MMM-FamilyWeekCalendar-----pixxelfriend","MMM-FamilyWeekCalendar","true","true","false","false","false","localeData|tz|updateLocale","format|isBetween|subtract|tz","MMM-FamilyWeekCalendar.js|calendarfetcherutils.js|calendarutils.js"
"MMM-FinParcel-----jesmak","MMM-FinParcel","true","true","false","false","false","","format","MMM-FinParcel.js"
"MMM-FlipClock-----MarcLandis","MMM-FlipClock","true","true","false","false","false","locale","","MMM-FlipClock.js"
"MMM-Flo-----KAG","MMM-Flo","true","true","false","false","false","locale","","MMM-Flo.js"
"MMM-Flo-----kagjerde","MMM-Flo","true","true","false","false","false","locale","","MMM-Flo.js"
"MMM-FloGraph-----KAG","MMM-FloGraph","true","true","false","false","false","locale","","MMM-FloGraph.js"
"MMM-FloGraph-----kagjerde","MMM-FloGraph","true","true","false","false","false","locale","","MMM-FloGraph.js"
"MMM-Formula1-----ian","MMM-Formula1","true","true","false","false","false","","format|second|subtract","MMM-Formula1.js"
"MMM-Formula1-----ianperrin","MMM-Formula1","true","true","false","false","false","","format|second|subtract","MMM-Formula1.js"
"MMM-Fortune-----JasonMcE","MMM-Fortune","true","true","false","false","false","locale","","MMM-Fortune.js"
"MMM-Fortune-----jasonmce","MMM-Fortune","true","true","false","false","false","locale","","MMM-Fortune.js"
"MMM-FreeBox-Monitor-----tataille","MMM-FreeBox-Monitor","true","false","false","true","false","locale","format","MMM-FreeBox-Monitor.js"
"MMM-Fuel-----fewieden","MMM-Fuel","true","false","false","true","false","","utc","apis/nsw.js"
"MMM-Fuel-NSW-----bughaver","MMM-Fuel-NSW","true","true","false","false","false","","format","MMM-Fuel-NSW.js|src/frontend/Frontend.ts"
"MMM-Futar-----balassy","MMM-Futar","true","true","false","false","false","locale","tz","MMM-Futar.js"
"MMM-GPSWeather-----mochman","MMM-GPSWeather","true","true","false","false","false","locale","format","MMM-GPSWeather.js"
"MMM-Gitlab-MergeRequests-----jkschoen","MMM-Gitlab-MergeRequests","true","true","false","false","false","utc","","MMM-Gitlab-MergeRequests.js"
"MMM-GmailFeed-----shaneapowell","MMM-GmailFeed","true","true","false","false","false","","","MMM-GmailFeed.js"
"MMM-GoogleBirthdaysProvider-----PalatinCoder","MMM-GoogleBirthdaysProvider","true","false","false","true","false","","","node_helper.js"
"MMM-GoogleCalendar-----randomBrainstormer","MMM-GoogleCalendar","true","true","false","false","false","localeData|updateLocale","calendar|format|fromNow|startOf|valueOf","MMM-GoogleCalendar.js"
"MMM-GoogleDocs-Notes-----No3x","MMM-GoogleDocs-Notes","true","true","false","false","false","","subtract","MMM-GoogleDocs-Notes.js"
"MMM-GooglePhotos-----hermanho","MMM-GooglePhotos","true","false","false","true","false","","format|fromNow|isAfter|isBefore","GPhotos.js|MMM-GooglePhotos.js|node_helper.js"
"MMM-Grocy-----B0neD0ct0r","MMM-Grocy","true","false","false","true","false","","",""
"MMM-HK-Transport-ETA-----winstonma","MMM-HK-Transport-ETA","true","true","false","false","false","locale|relativeTimeThreshold|updateLocale","add|format|fromNow","MMM-HK-Transport-ETA.js|providers/kmb.js|providers/lrt.js|providers/mtrbus.js"
"MMM-HLTV-----Helpi90","MMM-HLTV","true","true","false","false","false","","format","templates/matches.njk"
"MMM-Handball-Netz-----tschumel","MMM-Handball-Netz","true","true","false","false","false","","diff|format|isSame|isoWeek|startOf|subtract","MMM-handball-netz.js|node_helper.js"
"MMM-HebrewCalendar-----neshkoli","MMM-HebrewCalendar","true","false","false","true","false","","",""
"MMM-History-----Cowboysdude","MMM-History","true","true","false","false","false","locale","format","MMM-History.js"
"MMM-History-----cowboysdude","MMM-History","true","true","false","false","false","locale","format","MMM-History.js"
"MMM-Hive-----flick116","MMM-Hive","true","true","false","false","false","locale","","MMM-Hive.js"
"MMM-HomeAutomationNotifications-----john3300","MMM-HomeAutomationNotifications","true","true","false","false","false","duration","fromNow|isAfter","MMM-HomeAutomationNotifications.js"
"MMM-Homematic-Thermostats-----spitzlbergerj","MMM-Homematic-Thermostats","true","true","false","false","false","locale","set","MMM-Homematic-Thermostats.js"
"MMM-IDF-LOCALTRANSPORT-----djey47","MMM-IDF-LOCALTRANSPORT","true","false","false","true","false","","clone|format|isAfter|seconds|toISOString|valueOf","src/client/dom/renderer.js|src/client/dom/renderer.spec.js|src/client/module.js|src/client/support/date.js|src/client/support/format.js|src/client/support/format.spec.js|src/server/citymapper/ResponseProcessor.js|src/server/citymapper/ResponseProcessor.spec.js|src/server/legacy/ResponseProcessor.js|src/server/legacy/ResponseProcessor.spec.js|src/server/legacy/TrafficResponseProcessor.js|src/server/legacy/TrafficResponseProcessor.spec.js|src/server/transilien-idf-mobi/ResponseProcessor.js|src/server/transilien-idf-mobi/ResponseProcessor.spec.js|tools/dev-server/mocks/legacy/schedule-rer.js|tools/dev-server/mocks/transilien/schedule.js"
"MMM-IMSA-----skylinrcr01","MMM-IMSA","true","true","false","false","false","","startOf|year","MMM-IMSA.js"
"MMM-ImmichSlideShow-----pelaxa","MMM-ImmichSlideShow","true","true","false","false","false","duration","","MMM-ImmichSlideShow.js"
"MMM-Instagram2020-----AlexanderSalter","MMM-Instagram2020","true","false","false","true","false","","","MMM-Instagram2020.js|node_helper.js"
"MMM-InstagramView-----doctorfree","MMM-InstagramView","true","false","false","true","false","","","node_helper.js"
"MMM-Jeedom-----prysme","MMM-Jeedom","true","true","false","false","false","locale|unix","","MMM-Jeedom.js"
"MMM-Jeedom-----prysme01","MMM-Jeedom","true","true","false","false","false","locale|unix","","MMM-Jeedom.js"
"MMM-Jeedom-----tttooommm56","MMM-Jeedom","true","true","false","false","false","locale|unix","","MMM-Jeedom.js"
"MMM-JewishDate-----yohaybn","MMM-JewishDate","true","true","false","false","false","","date|month|year","MMM-JewishDate.js"
"MMM-JsonTable-----Timdows","MMM-JsonTable","true","true","false","false","false","","","MMM-JsonTable.js"
"MMM-JsonTable-----timdows","MMM-JsonTable","true","true","false","false","false","","","MMM-JsonTable.js"
"MMM-Koket-by-Sodexo-----Alvinger","MMM-Koket-by-Sodexo","true","true","false","false","false","","format|startOf","node_helper.js"
"MMM-LICE-----Mykle1","MMM-LICE","true","true","false","false","false","unix","","MMM-LICE.js"
"MMM-LICE-----mykle1","MMM-LICE","true","true","false","false","false","unix","","MMM-LICE.js"
"MMM-LINQConnectCalendar-----dathbe","MMM-LINQConnectCalendar","true","false","false","true","false","","add|format","MMM-LINQConnectCalendar.js|node_helper.js"
"MMM-LibrespotJava-----l3d00m","MMM-LibrespotJava","true","true","false","false","false","duration","","core/NPOS_DomBuilder.js"
"MMM-Liquipedia-Matches-----buxxi","MMM-Liquipedia-Matches","true","false","false","true","false","locale|unix","","MMM-Liquipedia-Matches.js|node_helper.js"
"MMM-LocalEvents-----dwoolridge","MMM-LocalEvents","true","true","false","false","false","locale","","MMM-LocalEvents.js|providers/google.js"
"MMM-LocalTransport-----CFenner","MMM-LocalTransport","true","true","false","false","false","duration","format|locale","MMM-LocalTransport.js"
"MMM-LothianBuses-----tbouron","MMM-LothianBuses","true","true","false","false","false","","diff","MMM-LothianBuses.js"
"MMM-Lottery-----Mykle1","MMM-Lottery","true","true","false","false","false","locale","","MMM-Lottery.js"
"MMM-Lottery-----mykle1","MMM-Lottery","true","true","false","false","false","locale","","MMM-Lottery.js"
"MMM-Luftdaten-----pixxelfriend","MMM-Luftdaten","true","true","false","false","false","utc","","MMM-Luftdaten.js"
"MMM-LunarDate-----MMRIZE","MMM-LunarDate","true","false","false","true","false","","","node_helper.js"
"MMM-Lunartic-----Mykle1","MMM-Lunartic","true","false","false","true","false","unix","","MMM-Lunartic.js|temporary fix/MMM-Lunartic.js"
"MMM-Lunartic-----mykle1","MMM-Lunartic","true","false","false","true","false","unix","","MMM-Lunartic.js|temporary fix/MMM-Lunartic.js"
"MMM-MBTA-----edward-shen","MMM-MBTA","true","true","false","false","false","unix","isSameOrAfter|toDate","MMM-MBTA.js"
"MMM-MTA-NextBus-----Tie","MMM-MTA-NextBus","true","true","false","false","false","","","MMM-MTA-NextBus.js"
"MMM-MTA-NextBus-----tie624","MMM-MTA-NextBus","true","true","false","false","false","","","MMM-MTA-NextBus.js"
"MMM-MacAddressScan-----doctorfree","MMM-MacAddressScan","true","true","false","false","false","locale","diff","MMM-MacAddressScan.js"
"MMM-MagicReplicator-----ivlovric","MMM-MagicReplicator","true","true","false","false","false","","format","node_helper.js"
"MMM-Mashie-Skolmat-----Alvinger","MMM-Mashie-Skolmat","true","true","false","false","false","","format|hour|startOf","node_helper.js"
"MMM-MealieMenu-----zanix","MMM-MealieMenu","true","true","false","false","false","max|min|unix","add|diff|format|isBefore|isSame|startOf|subtract","MMM-MealieMenu.js|node_helper.js"
"MMM-Memo-----schnibel","MMM-Memo","true","true","false","false","false","locale","format|fromNow","MMM-Memo.js"
"MMM-Meniny-----andersarstrand","MMM-Meniny","true","true","false","false","false","","add|format","MMM-Meniny.js"
"MMM-MensaMax-----fuerst","MMM-MensaMax","true","true","false","false","false","","add|format","MMM-MensaMax.js"
"MMM-Mensamuc-----wiesty","MMM-Mensamuc","true","true","false","false","false","","format|isoWeek|year","MMM-Mensamuc.js"
"MMM-MicrosoftToDo-----thobach","MMM-MicrosoftToDo","true","true","false","false","false","","add","MMM-MicrosoftToDo.js"
"MMM-Minigjenbruksstasjon-----Blixhavn","MMM-Minigjenbruksstasjon","true","true","false","false","false","locale","isBetween|isoWeekday","MMM-Minigjenbruksstasjon.js"
"MMM-Minigjenbruksstasjon-----blixhavn","MMM-Minigjenbruksstasjon","true","true","false","false","false","locale","isBetween|isoWeekday","MMM-Minigjenbruksstasjon.js"
"MMM-MktIndex-----thess","MMM-MktIndex","true","true","false","false","false","","format","MMM-MktIndex.js"
"MMM-Moed-----supermem613","MMM-Moed","true","false","false","true","false","locale|tz","format|startOf","MMM-Moed.js|node_helper.js"
"MMM-MotionControl-----Nischi","MMM-MotionControl","true","false","false","true","false","","isBetween","MMM-MotionControl.js"
"MMM-MotionControl-----nischi","MMM-MotionControl","true","false","false","true","false","","isBetween","MMM-MotionControl.js"
"MMM-MotionDetector-----rejas","MMM-MotionDetector","true","true","false","false","false","duration","","MMM-MotionDetector.js"
"MMM-MovieInfo-----fewieden","MMM-MovieInfo","true","false","false","true","false","","","node_helper.js"
"MMM-MusicButler-----jrettsch","MMM-MusicButler","true","true","false","false","false","locale","format","MMM-MusicButler.js"
"MMM-MyBMW-----Jargendas","MMM-MyBMW","true","false","false","true","false","","fromNow","MMM-MyBMW.js"
"MMM-MyCalendar-----dbeltjr","MMM-MyCalendar","true","true","false","false","false","duration|locale|tz","add|format|fromNow|isBetween|startOf|subtract|toDate|utcOffset","MMM-MyCalendar.js|calendarutils.js"
"MMM-MyCommute-----Jeff Clarke","MMM-MyCommute","true","false","false","true","false","duration","format|hour","MMM-MyCommute.js|node_helper.js"
"MMM-MyCommute-----qistoph","MMM-MyCommute","true","false","false","true","false","duration","format|hour","MMM-MyCommute.js|node_helper.js"
"MMM-MyDutchWeather-----HTilburgs","MMM-MyDutchWeather","true","false","false","true","false","","",""
"MMM-MyDutchWeather-----htilburgs","MMM-MyDutchWeather","true","false","false","true","false","","",""
"MMM-MyGarbage-----HTilburgs","MMM-MyGarbage","true","false","false","true","false","isMoment","add|diff|format|isValid|startOf|toISOString","MMM-MyGarbage.js|node_helper.js"
"MMM-MyGarbage-----htilburgs","MMM-MyGarbage","true","false","false","true","false","","format|startOf","MMM-MyGarbage.js|node_helper.js"
"MMM-MyMonthlyCalendar-----htilburgs","MMM-MyMonthlyCalendar","true","true","false","false","false","locale","date|daysInMonth|endOf|format|startOf|subtract|year","MMM-MyMonthlyCalendar.js"
"MMM-MyPrayerTimes-----HTilburgs","MMM-MyPrayerTimes","true","false","false","true","false","","",""
"MMM-MyPrayerTimes-----htilburgs","MMM-MyPrayerTimes","true","false","false","true","false","","",""
"MMM-MyScoreboard-----dathbe","MMM-MyScoreboard","true","false","false","true","false","tz|utc","add|format|subtract|tz","MMM-MyScoreboard.js|node_helper.js|providers/CPL.js|providers/ESPN.js|providers/ESPN_Scorepanel.js|providers/SNET.js|providers/SNET_YD.js"
"MMM-MyTraktSeries-----TheVieiraAkA","MMM-MyTraktSeries","true","true","false","false","false","locale","","MMM-MyTraktSeries.js"
"MMM-MyVolvo-----mazim","MMM-MyVolvo","true","false","false","true","false","unix","format|startOf","MMM-MyVolvo.js|node_helper.js"
"MMM-MyVolvo-----mazim-co","MMM-MyVolvo","true","false","false","true","false","unix","format|startOf","MMM-MyVolvo.js|node_helper.js"
"MMM-MyWastePickup-----Jeff Clarke","MMM-MyWastePickup","true","false","false","true","false","","add|startOf","MMM-MyWastePickup.js|node_helper.js"
"MMM-MyWastePickup-----jclarke0000","MMM-MyWastePickup","true","false","false","true","false","","add|startOf","MMM-MyWastePickup.js|node_helper.js"
"MMM-MyWeather-----Martin Kooij","MMM-MyWeather","true","true","false","false","false","locale","format","MMM-MyWeather.js|node_helper.js"
"MMM-MyWeather-----martinkooij","MMM-MyWeather","true","true","false","false","false","locale","format","MMM-MyWeather.js|node_helper.js"
"MMM-NBA-----jupadin","MMM-NBA","true","true","false","false","false","updateLocale","endOf|format|startOf","MMM-NBA.js|node_helper.js"
"MMM-NEO-----Mykle1","MMM-NEO","true","true","false","false","false","","format","MMM-NEO.js"
"MMM-NEO-----mykle1","MMM-NEO","true","true","false","false","false","","format","MMM-NEO.js"
"MMM-NFL-----fewieden","MMM-NFL","true","true","false","false","false","locale","format","MMM-NFL.js"
"MMM-NINA-----jalibu","MMM-NINA","true","true","false","false","false","","format","MMM-NINA.js|src/frontend/Frontend.ts"
"MMM-NINA-----jalibu & KristjanESPERANTO","MMM-NINA","true","true","false","false","false","","format","MMM-NINA.js|src/frontend/Frontend.ts"
"MMM-NL-Busses-----CE-Timmer","MMM-NL-Busses","true","true","false","false","false","duration|locale","format","MMM-NL-Busses.js"
"MMM-NLDepartureTimes-----Travelbacon","MMM-NLDepartureTimes","true","true","false","false","false","","format","MMM-NLDepartureTimes.js"
"MMM-NLDepartureTimes-----vpilo","MMM-NLDepartureTimes","true","true","false","false","false","","","MMM-NLDepartureTimes.js"
"MMM-NMBS-Connection-----Jan-Bart","MMM-NMBS-Connection","true","true","false","false","false","duration|unix|utc","","MMM-NMBS-Connection.js"
"MMM-NOAA3-----mumblebaj","MMM-NOAA3","true","true","false","false","false","unix|utc","add|format|local|unix","MMM-NOAA3.js|node_helper.js|providers/aw.js|providers/ds.js|providers/ow.js|providers/wb.js"
"MMM-NOAAForecast-----supermem613","MMM-NOAAForecast","true","false","false","true","false","duration|parseZone","add|format|startOf","MMM-NOAAForecast.js"
"MMM-NRL-----EwwYumYuck","MMM-NRL","true","false","false","true","false","","","node_helper.js"
"MMM-NRL-----ewwyumyuck","MMM-NRL","true","false","false","true","false","","","node_helper.js"
"MMM-Namnsdag-----Menturan","MMM-Namnsdag","true","true","false","false","false","locale","format|hour","MMM-Namnsdag.js|node_helper.js"
"MMM-Netatmo-----CFenner","MMM-Netatmo","true","true","false","false","false","","format","helper.js"
"MMM-Netatmo-Presence-----AgP42","MMM-Netatmo-Presence","true","true","false","false","false","unix","","MMM-Netatmo-Presence.js"
"MMM-NetworkConnection-----Slamet PS","MMM-NetworkConnection","true","true","false","false","false","locale","","MMM-NetworkConnection.js"
"MMM-NetworkConnection-----slametps","MMM-NetworkConnection","true","true","false","false","false","locale","","MMM-NetworkConnection.js"
"MMM-NetworkScanner-----nsprawling","MMM-NetworkScanner","true","true","false","false","false","locale","diff","MMM-NetworkScanner.js"
"MMM-NewsFeedTicker-----justjim1220","MMM-NewsFeedTicker","true","false","false","true","false","locale","fromNow","MMM-NewsFeedTicker.js"
"MMM-NextEvent-----cure","MMM-NextEvent","true","true","false","false","false","","endOf|format","MMM-NextEvent.js"
"MMM-NexusMetroRTI-----jcktwd","MMM-NexusMetroRTI","true","true","false","false","false","","format","MMM-NexusMetroRTI.js"
"MMM-Nixie-Clock-----Nikobix","MMM-Nixie-Clock","true","true","false","false","false","","","MMM-Nixie-Clock-working.js|MMM-Nixie-Clock.js"
"MMM-Nixie-Clock-----nikobix","MMM-Nixie-Clock","true","true","false","false","false","","","MMM-Nixie-Clock-working.js|MMM-Nixie-Clock.js"
"MMM-Nordic-Electrical-Spot-Prices-----cSharpBastard","MMM-Nordic-Electrical-Spot-Prices","true","false","false","true","false","","","mmm-nordic-electrical-spot-prices.js|node_helper.js"
"MMM-NowPlayingOnSpotify-----raywo","MMM-NowPlayingOnSpotify","true","true","false","false","false","duration","add|format|isBefore","core/NPOS_DomBuilder.js|core/SpotifyConnector.js"
"MMM-OClock-----eouia","MMM-OClock","true","true","false","false","false","","locale","MMM-OClock.js"
"MMM-OddEven-----daterrell","MMM-OddEven","true","true","false","false","false","","dayOfYear|diff","MMM-OddEven.js"
"MMM-OneDrive-----hermanho","MMM-OneDrive","true","false","false","true","false","","format|fromNow|isAfter|isBefore","MMM-OneDrive.js|node_helper.js|src/frontend/main.ts"
"MMM-OneTouchReveal-----Canonip","MMM-OneTouchReveal","true","true","false","false","false","","format|startOf|subtract","MMM-OneTouchReveal.js|node_helper.js"
"MMM-OpenSprinkler-----johnny-co","MMM-OpenSprinkler","true","true","false","false","false","","calendar","MMM-OS-Utilities.js"
"MMM-OpenTherm-----RedNax67","MMM-OpenTherm","true","true","false","false","false","locale","","MMM-OpenTherm.js"
"MMM-OpenWeatherForecast-----Tom-Hirschberger","MMM-OpenWeatherForecast","true","false","false","true","false","","format","MMM-OpenWeatherForecast.js"
"MMM-OpenWeatherMapForecast-----MarcLandis","MMM-OpenWeatherMapForecast","true","false","false","true","false","","format","MMM-OpenWeatherMapForecast.js"
"MMM-OpeningHours-----mumblebaj","MMM-OpeningHours","true","false","false","true","false","duration|locale","weekday","MMM-OpeningHours.js|Parsers.js|node_helper.js"
"MMM-OpenmapWeather-----SathyarajV","MMM-OpenmapWeather","true","true","false","false","false","locale","format","MMM-OpenmapWeather.js"
"MMM-OpenmapWeather-----sathyarajv","MMM-OpenmapWeather","true","true","false","false","false","locale","format","MMM-OpenmapWeather.js"
"MMM-PGA-----dathbe","MMM-PGA","true","false","false","true","false","","local|year","ESPN.js"
"MMM-PIR-----mboskamp","MMM-PIR","true","true","false","false","false","locale","","MMM-PIR.js"
"MMM-PaprikaMenu-----kaelspencer","MMM-PaprikaMenu","true","false","false","true","false","","diff|format|isBefore|isSame|startOf","MMM-PaprikaMenu.js|node_helper.js"
"MMM-Parcel-----martinkooij","MMM-Parcel","true","true","false","false","false","locale","calendar|diff|format|startOf","MMM-Parcel.js|normalize-aftership.js|normalize-tracktry.js"
"MMM-Peloton-----chicohernando","MMM-Peloton","true","true","false","false","false","format","","MMM-Peloton.js"
"MMM-PilotWX-----Mykle1","MMM-PilotWX","true","true","false","false","false","","","MMM-PilotWX.js"
"MMM-PilotWX-----mykle1","MMM-PilotWX","true","true","false","false","false","","","MMM-PilotWX.js"
"MMM-Ping-----CFenner","MMM-Ping","true","true","false","false","false","","fromNow","ping.js"
"MMM-Pir-----Coernel82","MMM-Pir","true","true","false","false","false","","format","src/components/screenDisplayer.js"
"MMM-PirateSkyForecast-----b-reich","MMM-PirateSkyForecast","true","false","false","true","false","","format","MMM-PirateSkyForecast.js"
"MMM-PlaceInfo-----njwilliams","MMM-PlaceInfo","true","true","false","false","false","","","MMM-PlaceInfo.js"
"MMM-PokemonGOEvents-----bigfoott","MMM-PokemonGOEvents","true","true","false","false","false","duration","fromNow","MMM-PokemonGOEvents.js"
"MMM-PrayerTime-----Slamet PS","MMM-PrayerTime","true","true","false","false","false","locale","format|unix","MMM-PrayerTime.js"
"MMM-PrayerTime-----slametps","MMM-PrayerTime","true","true","false","false","false","locale","format|unix","MMM-PrayerTime.js"
"MMM-PregnancyTracker-----gowthamravichandran","MMM-PregnancyTracker","true","true","false","false","false","","add|subtract","MMM-PregnancyTracker.js"
"MMM-PublicTransportVVO-----ostfilinchen","MMM-PublicTransportVVO","true","true","false","false","false","","format","MMM-PublicTransportVVO.js"
"MMM-RBB-Weather-----nkl-kst","MMM-RBB-Weather","true","false","false","true","false","locale","add|format","MMM-RBB-Weather.js"
"MMM-RNV-----bogenpirat","MMM-RNV","true","true","false","false","false","","","MMM-RNV.js"
"MMM-RNV-----jalibu","MMM-RNV","true","true","false","false","false","","format","templates/MMM-RNV.njk"
"MMM-RNV-----jalibu & KristjanESPERANTO","MMM-RNV","true","true","false","false","false","","format","templates/MMM-RNV.njk"
"MMM-RNV-----jupadin","MMM-RNV","true","true","false","false","false","","format","MMM-RNV.js"
"MMM-ROVA-trashcalendar-----jeroenpeters1986","MMM-ROVA-trashcalendar","true","true","false","false","false","locale","add|startOf","MMM-ROVA-trashcalendar.js"
"MMM-RainForecast-FR-----tttooommm56","MMM-RainForecast-FR","true","true","false","false","false","locale","format","MMM-RainForecast-FR.js"
"MMM-Recipe-----Cowboysdude","MMM-Recipe","true","true","false","false","false","locale","","MMM-Recipe.js"
"MMM-Recipe-----cowboysdude","MMM-Recipe","true","true","false","false","false","locale","","MMM-Recipe.js"
"MMM-Reddito-----bittiez","MMM-Reddito","true","true","false","false","false","","format","MMM-Reddito.js"
"MMM-RelativeTime-i18n-----buxxi","MMM-RelativeTime-i18n","true","true","false","false","false","locales|updateLocale","","MMM-RelativeTime-i18n.js"
"MMM-RemoteCompliments-----mitchelltmarino","MMM-RemoteCompliments","true","true","false","false","false","","hour|hours|seconds","Drive/DriveUtils.js|node_helper.js"
"MMM-RemoteTemperature-----balassy","MMM-RemoteTemperature","true","true","false","false","false","","format","MMM-RemoteTemperature.js"
"MMM-ResRobot-----Alvinger","MMM-ResRobot","true","true","false","false","false","duration|locale","add|diff|isBefore","MMM-ResRobot.js|node_helper.js"
"MMM-Ruter-----CatoAntonsen","MMM-Ruter","true","false","false","true","false","duration|locale|now","add|format","MMM-Ruter.js"
"MMM-SL-PublicTransport-----ulrichwisser","MMM-SL-PublicTransport","true","true","false","false","false","locale","format","MMM-SL-PublicTransport.js"
"MMM-SNCF-----tsoonav","MMM-SNCF","true","true","false","false","false","locale","diff|format|toISOString","node_helper.js"
"MMM-SORT-----Mykle1","MMM-SORT","true","true","false","false","false","utc","","MMM-SORT.js"
"MMM-SORT-----mykle1","MMM-SORT","true","true","false","false","false","utc","","MMM-SORT.js"
"MMM-Sbanken-----reidarw","MMM-Sbanken","true","true","false","false","false","locale","isSame|startOf","MMM-Sbanken.js"
"MMM-Screen-Powersave-Notification-----Tom-Hirschberger","MMM-Screen-Powersave-Notification","true","false","false","true","false","","",""
"MMM-SeawayLockTraffic-----ProfKP","MMM-SeawayLockTraffic","true","true","false","false","false","","","MMM-SeawayLockTraffic.js"
"MMM-Selfieshot-----Brian Hepler","MMM-Selfieshot","true","true","false","false","false","","format","node_helper.js"
"MMM-Selfieshot-----BrianHepler","MMM-Selfieshot","true","true","false","false","false","","format","node_helper.js"
"MMM-ShipmentTracking-----fewieden","MMM-ShipmentTracking","true","true","false","false","false","locale","format|fromNow","MMM-ShipmentTracking.js"
"MMM-ShulSchedule-----supermem613","MMM-ShulSchedule","true","true","false","false","false","locale","format|startOf","MMM-ShulSchedule.js"
"MMM-SimpleNotifyTrashDay-----sabo10o29","MMM-SimpleNotifyTrashDay","true","true","false","false","false","","format","MMM-SimpleNotifyTrashDay.js"
"MMM-Skyss-----PabloDons","MMM-Skyss","true","true","false","false","false","isMoment","add","MMM-Skyss.js"
"MMM-SleeperNFL-----jackmeyer","MMM-SleeperNFL","true","true","false","false","false","locale","","MMM-SleeperNFL.js"
"MMM-Smappee-----CFenner","MMM-Smappee","true","true","false","false","false","","fromNow","MMM-Smappee.js"
"MMM-SmartWebDisplay-----ItsMeBrille","MMM-SmartWebDisplay","true","true","false","false","false","unix","","MMM-SmartWebDisplay.js"
"MMM-Soliscloud-----dekinet","MMM-Soliscloud","true","true","false","false","false","unix","","MMM-Soliscloud.js"
"MMM-SpaceLaunchNow-----koxm","MMM-SpaceLaunchNow","true","true","false","false","false","locale","","MMM-SpaceLaunchNow.js"
"MMM-SpaceX-----koxm","MMM-SpaceX","true","true","false","false","false","locale","","MMM-SpaceX.js"
"MMM-Spotify-----skuethe","MMM-Spotify","true","true","false","false","false","","format","Spotify.js"
"MMM-SpotifyReleases-----Ruud14","MMM-SpotifyReleases","true","false","false","true","false","","add|format|isBefore","SpotifyConnector.js"
"MMM-SteamPlaytime-----buxxi","MMM-SteamPlaytime","true","false","false","true","false","locale","flatMap|format|subtract|valueOf","MMM-SteamPlaytime.js|node_helper.js"
"MMM-Strava-----ianperrin","MMM-Strava","true","false","false","true","false","duration|locale|monthsShort|unix|weekdaysShort","month|startOf|weekday|year","MMM-Strava.js|node_helper.js"
"MMM-Stundenplan-----AJOCHAM","MMM-Stundenplan","true","true","false","false","false","","","MMM-Stundenplan.js|node_helper.js"
"MMM-Stundenplan-----AJocham","MMM-Stundenplan","true","true","false","false","false","","","MMM-Stundenplan.js|node_helper.js"
"MMM-SugarValue-----balharrie","MMM-SugarValue","true","false","false","true","false","defineLocale|invalid|updateLocale","fromNow|lang|locale|localeData","MMM-SugarValue.js|src/index.ts"
"MMM-SunRiseSet-----Mykle1","MMM-SunRiseSet","true","true","false","false","false","","local","MMM-SunRiseSet.js"
"MMM-SunRiseSet-----mykle1","MMM-SunRiseSet","true","true","false","false","false","","local","MMM-SunRiseSet.js"
"MMM-SunnyPortal-----linuxtuxie","MMM-SunnyPortal","true","true","false","false","false","locale|monthsShort","","MMM-SunnyPortal.js"
"MMM-Surf-----Privacywonk","MMM-Surf","true","true","false","false","false","locale|unix","add|format|subtract","MMM-Surf.js|node_helper.js"
"MMM-SweepClock-----mumblebaj","MMM-SweepClock","true","true","false","false","false","","tz","MMM-SweepClock.js"
"MMM-SwissCommute-----nixnuex","MMM-SwissCommute","true","true","false","false","false","locale","format","MMM-SwissCommute.js"
"MMM-SwissSmartUrbanHeatMap-----git-pesche","MMM-SwissSmartUrbanHeatMap","true","true","false","false","false","","format","MMM-SwissSmartUrbanHeatMap.js"
"MMM-SwissStationboard-----vanhoekd","MMM-SwissStationboard","true","true","false","false","false","locale","format","MMM-SwissStationboard.js"
"MMM-SynPhotoSlideshow-----spydersoft-consulting","MMM-SynPhotoSlideshow","true","true","false","false","false","","","src/frontend/ModuleController.ts"
"MMM-SystemMonitor-----btastic","MMM-SystemMonitor","true","true","false","false","false","utc","","MMM-SystemMonitor.js"
"MMM-SystemStats-----fry0815","MMM-SystemStats","true","true","false","false","false","duration|locale","","MMM-SystemStats.js|moment-duration-format.js"
"MMM-TAF-----imperian","MMM-TAF","true","true","false","false","false","","local","MMM-TAF.js"
"MMM-TFL-Arrivals-----MMM-TFL-Arrivals","MMM-TFL-Arrivals","true","true","false","false","false","","format","MMM-TFL-Arrivals.js"
"MMM-TFL-Arrivals-----ryck","MMM-TFL-Arrivals","true","true","false","false","false","","format","MMM-TFL-Arrivals.js"
"MMM-TMB-----jaumebosch","MMM-TMB","true","false","false","true","false","","",""
"MMM-TRV-WastePlan-----reidarw","MMM-TRV-WastePlan","true","true","false","false","false","locale","add|startOf","MMM-TRV-WastePlan.js"
"MMM-TelegramBot-----MMRIZE","MMM-TelegramBot","true","true","false","false","false","unix","add|format","MMM-TelegramBot.js|node_helper.js"
"MMM-TelegramCommands-----doctorfree","MMM-TelegramCommands","true","false","false","true","false","","","node_helper.js"
"MMM-Tesla-----mattdy","MMM-Tesla","true","true","false","false","false","","add|diff|fromNow","dataitems/charge.js|dataitems/state.js"
"MMM-TextPerWeek-----retroflex","MMM-TextPerWeek","true","true","false","false","false","","week","MMM-TextPerWeek.js"
"MMM-TheSpaceDevs-----AlexMNet","MMM-TheSpaceDevs","true","true","false","false","false","duration|locale","format","MMM-TheSpaceDevs.js"
"MMM-TiHimawari8Earth-----Zhouxichun","MMM-TiHimawari8Earth","true","true","false","false","false","","format","node_helper.js"
"MMM-TiHimawari8Earth-----zhouxichun","MMM-TiHimawari8Earth","true","true","false","false","false","","format","node_helper.js"
"MMM-TimeTreeEvent-----sabo10o29","MMM-TimeTreeEvent","true","true","false","false","false","","format","MMM-TimeTreeEvent.js"
"MMM-TodayBlock-----ex247","MMM-TodayBlock","true","true","false","false","false","","format","MMM-TodayBlock.js"
"MMM-Todoist-----CBrooker","MMM-Todoist","true","true","false","false","false","unix","","MMM-Todoist.js"
"MMM-Todoist-----cbrooker","MMM-Todoist","true","true","false","false","false","unix","","MMM-Todoist.js"
"MMM-Traffic-----saml-dev","MMM-Traffic","true","false","false","true","false","","isAfter|isBefore","MMM-Traffic.js"
"MMM-TrainConnections-----Bangee44","MMM-TrainConnections","true","true","false","false","false","locale|utc","format","trainconnections.js"
"MMM-Trakt-----Kiina","MMM-Trakt","true","true","false","false","false","locale|utc","add|subtract","MMM-trakt.js|node_helper.js"
"MMM-TransLoc-----OrangeHoopla","MMM-TransLoc","true","true","false","false","false","","","MMM-Transloc.js"
"MMM-TransLoc-----OrangleHoopla","MMM-TransLoc","true","true","false","false","false","","","MMM-Transloc.js"
"MMM-Trello-----benjaminflessner","MMM-Trello","true","true","false","false","false","locale","fromNow","MMM-Trello.js"
"MMM-TvheadendDVR-----CreepinJesus","MMM-TvheadendDVR","true","true","false","false","false","unix","","MMM-TvheadendDVR.js"
"MMM-TvheadendDVR-----XBCreepinJesus","MMM-TvheadendDVR","true","true","false","false","false","unix","","MMM-TvheadendDVR.js"
"MMM-UKLiveBusStopInfo-----AndyHazz","MMM-UKLiveBusStopInfo","true","true","false","false","false","locale","","MMM-UKLiveBusStopInfo.js"
"MMM-UKLiveBusStopInfo-----nwootton","MMM-UKLiveBusStopInfo","true","true","false","false","false","locale","","MMM-UKLiveBusStopInfo.js"
"MMM-UKLiveTrainDepartures-----XBCreepinJesus","MMM-UKLiveTrainDepartures","true","true","false","false","false","","local","MMM-UKLiveTrainDepartures.js|Trains.js"
"MMM-UKMOWeatherWarnings-----maloakes","MMM-UKMOWeatherWarnings","true","true","false","false","false","utc","add|endOf","testing/createDummyWarnings.js|warningitemobject.js|warningsobject.js"
"MMM-UKTide-----Captsi","MMM-UKTide","true","true","false","false","false","utc","","MMM-UKTide.js"
"MMM-UVIndex-----rsperezn","MMM-UVIndex","true","true","false","false","false","locale","","MMM-UVIndex.js"
"MMM-VESAR-----ilsegs","MMM-VESAR","true","false","false","true","false","locale","month|startOf|year","MMM-VESAR.js|node_helper.js"
"MMM-VTA-Live-----nigel-daniels","MMM-VTA-Live","true","false","false","true","false","duration","","node_helper.js"
"MMM-VietNamEventsCalendar-----phungorquan","MMM-VietNamEventsCalendar","true","true","false","false","false","duration|updateLocale","add|calendar|endOf|format|fromNow|isBetween|startOf|subtract","MMM-VietNamEventsCalendar.js|src/calendarfetcher.js"
"MMM-ViewNotifications-----glitch452","MMM-ViewNotifications","true","true","false","false","false","","format","MMM-ViewNotifications.js"
"MMM-VigiCrues-----Grena","MMM-VigiCrues","true","true","false","false","false","updateLocale","diff","MMM-VigiCrues.js"
"MMM-VigiCrues-----grenagit","MMM-VigiCrues","true","true","false","false","false","updateLocale","diff","MMM-VigiCrues.js"
"MMM-VigilanceMeteoFrance-----Grena","MMM-VigilanceMeteoFrance","true","true","false","false","false","updateLocale","isBefore|isBetween","MMM-VigilanceMeteoFrance.js"
"MMM-VigilanceMeteoFrance-----grenagit","MMM-VigilanceMeteoFrance","true","true","false","false","false","updateLocale","isBefore|isBetween","MMM-VigilanceMeteoFrance.js"
"MMM-Vindsiden-----erikmohn","MMM-Vindsiden","true","false","false","true","false","","",""
"MMM-Voice-Control-----dr4ke616","MMM-Voice-Control","true","true","false","false","false","locale","","MMM-Voice-Control.js"
"MMM-VolvoOnCall-----eouia","MMM-VolvoOnCall","true","false","false","true","false","unix","format|startOf","MMM-VolvoOnCall.js|node_helper.js"
"MMM-Vrr-----Klizzy","MMM-Vrr","true","true","false","false","false","locale|now|updateLocale","","MMM-Vrr.js"
"MMM-WMATA-----btoconnor","MMM-WMATA","true","true","false","false","false","","","MMM-WMATA.js"
"MMM-WWI-----Mykle1","MMM-WWI","true","true","false","false","false","","local","MMM-WWI.js"
"MMM-WWI-----mykle1","MMM-WWI","true","true","false","false","false","","local","MMM-WWI.js"
"MMM-WaterReminder-----thiagomides","MMM-WaterReminder","true","true","false","false","false","","","MMM-WaterReminder.js"
"MMM-Weather-SMHI-Hourly-----Menturan","MMM-Weather-SMHI-Hourly","true","false","false","true","false","locale","add|format|hour|seconds","MMM-Weather-SMHI-Hourly.js|node_helper.js"
"MMM-WeatherAlerts-----gjonesme","MMM-WeatherAlerts","true","true","false","false","false","locale","","MMM-WeatherAlerts.js"
"MMM-WeatherBridge-----karsten13","MMM-WeatherBridge","true","true","false","false","false","locale","","MMM-WeatherBridge.js"
"MMM-WeatherBridge-----khassel","MMM-WeatherBridge","true","true","false","false","false","locale","","MMM-WeatherBridge.js"
"MMM-WeatherChart-----mtatsuma","MMM-WeatherChart","true","true","false","false","false","locale","","MMM-WeatherChart.js"
"MMM-WeatherGraph-----FlatPepsi","MMM-WeatherGraph","true","true","false","false","false","unix|weekdaysShort","","MMM-WeatherGraph.js"
"MMM-WeatherGraph-----FlatPepsi17","MMM-WeatherGraph","true","true","false","false","false","unix|weekdaysShort","","MMM-WeatherGraph.js"
"MMM-WeatherHourlyByDay-----dWoolridge","MMM-WeatherHourlyByDay","true","true","false","false","false","","isBetween","MMM-WeatherHourlyByDay.js|weatherobjecthourlybyday.js"
"MMM-WebHookAlerts-----PJTewkesbury-GitHub","MMM-WebHookAlerts","true","true","false","false","false","","format","node_helper.js"
"MMM-WebHookAlerts-----PjTewkesbury","MMM-WebHookAlerts","true","true","false","false","false","","format","node_helper.js"
"MMM-WeeklySchedule-----pinsdorf","MMM-WeeklySchedule","true","false","false","true","false","duration","endOf|startOf","MMM-WeeklySchedule.js"
"MMM-WeeksCalendar-----arnaudsnomsed","MMM-WeeksCalendar","true","true","false","false","false","locale","date|daysInMonth|endOf|startOf|weekday","MMM-WeeksCalendar.js"
"MMM-WestBerksBinDay-----hdurdle","MMM-WestBerksBinDay","true","false","false","true","false","locale","add|startOf","MMM-WestBerksBinDay.js|node_helper.js"
"MMM-WienerLinien-----fewieden","MMM-WienerLinien","true","true","false","false","false","locale","to","MMM-WienerLinien.js"
"MMM-WorldTides-----yawns","MMM-WorldTides","true","true","false","false","false","","format|startOf|unix","MMM-WorldTides.js"
"MMM-WorldTides-----yawnsde","MMM-WorldTides","true","true","false","false","false","","format|startOf|unix","MMM-WorldTides.js"
"MMM-Worldclock-----ulrichwisser","MMM-Worldclock","true","false","false","true","false","duration|locale|utc","tz","MMM-Worldclock.js"
"MMM-WunderGround-----RedNax67","MMM-WunderGround","true","true","false","false","false","locale","format|isAfter","MMM-WunderGround.js|node_helper.js"
"MMM-Yahrzeit-----supermem613","MMM-Yahrzeit","true","false","false","true","false","","tz","node_helper.js"
"MMM-YandexWeather-----igor-semenov","MMM-YandexWeather","true","true","false","false","false","","format","MMM-YandexWeather.js"
"MMM-Year-Progress-----ryck","MMM-Year-Progress","true","true","false","false","false","","isLeapYear","MMM-Year-Progress.js"
"MMM-Zmanim-----supermem613","MMM-Zmanim","true","false","false","true","false","","format","node_helper.js"
"MMM-anotherNewsFeed-----MMRIZE","MMM-anotherNewsFeed","true","true","false","false","false","locale","fromNow","MMM-anotherNewsFeed.js"
"MMM-aviationwx-----stuloh","MMM-aviationwx","true","true","false","false","false","","diff|local","MMM-aviationwx.js"
"MMM-bergfex-----MajorChris1983","MMM-bergfex","true","true","false","false","false","","format","MMM-bergfex.js"
"MMM-bernwordclock-----splattner","MMM-bernwordclock","true","true","false","false","false","locale","","MMM-bernwordclock.js"
"MMM-birthdays-----amitchone","MMM-birthdays","true","false","false","true","false","","add|diff|format","node_helper.js"
"MMM-bustimes-----73cirdan","MMM-bustimes","true","true","false","false","false","duration|locale","format","MMM-bustimes.js"
"MMM-bustimes-----cirdan","MMM-bustimes","true","true","false","false","false","duration|locale","format","MMM-bustimes.js"
"MMM-darksky-hourly-----JacquesCedric","MMM-darksky-hourly","true","true","false","false","false","weekdaysShort","","MMM-darksky-hourly.js"
"MMM-darksky-hourly-----jacquesCedric","MMM-darksky-hourly","true","true","false","false","false","weekdaysShort","","MMM-darksky-hourly.js"
"MMM-evcc-SolarYield-----Coernel82","MMM-evcc-SolarYield","true","false","false","true","false","","",""
"MMM-forecast-io-----dmcinnes","MMM-forecast-io","true","true","false","false","false","weekdaysShort","format","MMM-forecast-io.js"
"MMM-germanwordclock-----princemaxwell","MMM-germanwordclock","true","true","false","false","false","locale","","MMM-germanwordclock.js"
"MMM-google-route-----mrdis","MMM-google-route","true","true","false","false","false","","","MMM-google-route.js"
"MMM-gpsd-----brentpabst","MMM-gpsd","true","true","false","false","false","","","MMM-gpsd.js"
"MMM-homeassistant-sensors-----Snille","MMM-homeassistant-sensors","true","true","false","false","false","","format","MMM-homeassistant-sensors.js"
"MMM-horoscope-----MMM-horoscope","MMM-horoscope","true","false","false","true","false","","add|format","MMM-horoscope.js"
"MMM-horoscope-----morozgrafix","MMM-horoscope","true","false","false","true","false","","add|format","MMM-horoscope.js"
"MMM-iCal-ToDo-----nixnuex","MMM-iCal-ToDo","true","true","false","false","false","localeData|updateLocale","add|clone|endOf|format|from|fromNow|startOf|todo","MMM-iCal-ToDo.js|todofetcher.js"
"MMM-iFrame-Ping-----AgP42","MMM-iFrame-Ping","true","true","false","false","false","unix","format","MMM-iFrame-Ping.js"
"MMM-iframes-----draxiom","MMM-iframes","true","true","false","false","false","","","MMM-iframes.js"
"MMM-iframes-----mathew-fleisch","MMM-iframes","true","true","false","false","false","","","MMM-iframes.js"
"MMM-kudos-----thomo","MMM-kudos","true","false","false","true","false","","","MMM-kudos.js"
"MMM-lyft-----kyle-kelly","MMM-lyft","true","true","false","false","false","locale","","MMM-lyft.js"
"MMM-meteoblueCurrent-----Bangee44","MMM-meteoblueCurrent","true","true","false","false","false","locale","format","MMM-meteoblueCurrent.js"
"MMM-moonraker-----btastic","MMM-moonraker","true","true","false","false","false","utc","","node_helper.js"
"MMM-nixie-clock-----Isaac-the-Man","MMM-nixie-clock","true","true","false","false","false","isMoment|updateOffset|utc","tz","MMM-nixie-clock.js|moment-timezone-with-data.js"
"MMM-nstreinen-----qistoph","MMM-nstreinen","true","true","false","false","false","","","nstreinen.js"
"MMM-octoprint-----btastic","MMM-octoprint","true","true","false","false","false","utc","","node_helper.js"
"MMM-pekavm-----ytmytm","MMM-pekavm","true","false","false","true","false","duration","add|subtract|utc","MMM-pekavm.js"
"MMM-pollen-----devduisburg","MMM-pollen","true","true","false","false","false","locale","","MMM-pollen.js"
"MMM-profile-----Kurtern84","MMM-profile","true","true","false","false","false","","hour","MMM-Profile.js"
"MMM-profile-----kurtern84","MMM-profile","true","true","false","false","false","","hour","MMM-Profile.js"
"MMM-qnapDownloadStation-----flick116","MMM-qnapDownloadStation","true","true","false","false","false","","format","MMM-qnapDownloadStation.js"
"MMM-shabbat-----SheyaBernstein","MMM-shabbat","true","true","false","false","false","","calendar","MMM-shabbat.js"
"MMM-shabbat-----sheyabernstein","MMM-shabbat","true","true","false","false","false","","calendar","MMM-shabbat.js"
"MMM-swisstransport-----Bangee44","MMM-swisstransport","true","true","false","false","false","locale|utc","format","MMM-swisstransport.js"
"MMM-syslog-----marcinomen","MMM-syslog","true","true","false","false","false","locale","format|fromNow","MMM-syslog.js"
"MMM-uber-----kyle-kelly","MMM-uber","true","true","false","false","false","locale","","MMM-uber.js"
"MMM-vCard2Calendar-----n-gao","MMM-vCard2Calendar","true","false","false","true","false","","year","node_helper.js"
"MMM-vvsDeparture-----Fabian Hinder","MMM-vvsDeparture","true","true","false","false","false","","","MMM-vvsDeparture.js"
"MMM-vvsDeparture-----fhinder","MMM-vvsDeparture","true","true","false","false","false","","","MMM-vvsDeparture.js"
"MMM-weatherforecast-----jharttech","MMM-weatherforecast","true","true","false","false","false","locale","format","MMM-weatherforecast.js"
"MMM_ncdeck-----motey","MMM_ncdeck","true","true","false","false","false","","fromNow","MMM_ncdeck.js"
"MMT-WeatherSkycons-----khassel","MMT-WeatherSkycons","true","true","false","false","false","","","weathertheme.js"
"PlutoTime-----croxis","PlutoTime","true","true","false","false","false","locale","","PlutoTime.js"
"WallberryTheme-----mvlbarcelos","WallberryTheme","true","true","false","false","false","locale|weekdaysShort","","WB-clock/WB-clock.js|WB-weather/WB-weather.js"
"calendar_monthly-----KirAsh4","calendar_monthly","true","true","false","false","false","duration|locale","add|date|daysInMonth|format|month|subtract|weekday|year","calendar_monthly.js"
"mm-hsl-timetable-----ZakarFin","mm-hsl-timetable","true","true","false","false","false","locale","format","hslAPIv1.js|hslAPIv2.js|node_helper.js"
"mm-tkl-timetable-----eerotal","mm-tkl-timetable","true","true","false","false","false","locale","format","node_helper.js"
"mmm-dropbox-----michael5r","mmm-dropbox","true","true","false","false","false","","format","node_helper.js"
"mmm-uah-currency-----wzooff","mmm-uah-currency","true","true","false","false","false","","format","mmm-uah-currency.js"
"mmm-uk-pollen-forecast-----szech","mmm-uk-pollen-forecast","true","true","false","false","false","","toString","mmm-uk-pollen-forecast.js"
"publika-----alonsourbano","publika","true","true","false","false","false","duration|unix","asMinutes|day|diff|format|isBetween|subtract","node_helper.js|publika.js"
"wuforecast-----MattLugar","wuforecast","true","true","false","false","false","locale","format","wuforecast.js"
